Workbook

Sheet Raw_Data
A1: Employee_ID | B1: Department | C1: Job_Title | D1: Age | E1: Years_At_Company | F1: Monthly_Salary | G1: Work_Hours_Per_Week | H1: Projects_Handled | I1: Overtime_Hours | J1: Training_Hours | K1: Employee_Satisfaction | L1: Performance_Score | M1: Performance_Level | N1: Productivity_Index
A2: EMP0001 | B2: Finance | C2: Financial Analyst | D2: 23 | E2: 2 | F2: 43024 | G2: 42 | H2: 4 | I2: 4 | J2: 6 | K2: 4 | L2: 9.2 | M2: High | N2: 73.87
A3: EMP0002 | B3: Sales | C3: Account Manager | D3: 49 | E3: 1 | F3: 26952 | G3: 37 | H3: 4 | I3: 7 | J3: 32 | K3: 3.8 | L3: 6.9 | M3: Medium | N3: 59.47
A4: EMP0003 | B4: Sales | C4: Sales Analyst | D4: 48 | E4: 7 | F4: 54439 | G4: 53 | H4: 5 | I4: 25 | J4: 0 | K4: 4.3 | L4: 4.1 | M4: Low | N4: 45.83
A5: EMP0004 | B5: IT | C5: IT Executive | D5: 39 | E5: 4 | F5: 39110 | G5: 45 | H5: 2 | I5: 2 | J5: 24 | K5: 2.3 | L5: 8.9 | M5: High | N5: 63.63
A6: EMP0005 | B6: IT | C6: IT Executive | D6: 24 | E6: 3 | F6: 60142 | G6: 38 | H6: 15 | I6: 12 | J6: 5 | K6: 3.7 | L6: 8.8 | M6: High | N6: 88.9
A7: EMP0006 | B7: IT | C7: Data Analyst | D7: 34 | E7: 11 | F7: 29558 | G7: 36 | H7: 11 | I7: 7 | J7: 18 | K7: 5 | L7: 9 | M7: High | N7: 87.33
A8: EMP0007 | B8: Marketing | C8: Content Specialist | D8: 39 | E8: 14 | F8: 66660 | G8: 46 | H8: 3 | I8: 11 | J8: 22 | K8: 2.6 | L8: 4.9 | M8: Low | N8: 42.2
A9: EMP0008 | B9: Finance | C9: Finance Executive | D9: 32 | E9: 8 | F9: 72784 | G9: 42 | H9: 3 | I9: 14 | J9: 24 | K9: 2.8 | L9: 9.5 | M9: High | N9: 70.4
A10: EMP0009 | B10: Sales | C10: Account Manager | D10: 36 | E10: 10 | F10: 80237 | G10: 36 | H10: 4 | I10: 1 | J10: 20 | K10: 3.2 | L10: 3.5 | M10: Low | N10: 37.27
A11: EMP0010 | B11: IT | C11: IT Executive | D11: 35 | E11: 10 | F11: 57717 | G11: 47 | H11: 15 | I11: 20 | J11: 29 | K11: 2.4 | L11: 4 | M11: Low | N11: 56.2
A12: EMP0011 | B12: Sales | C12: Sales Analyst | D12: 38 | E12: 13 | F12: 83839 | G12: 53 | H12: 7 | I12: 11 | J12: 14 | K12: 5 | L12: 4 | M12: Low | N12: 50.67
A13: EMP0012 | B13: Finance | C13: Finance Executive | D13: 25 | E13: 0 | F13: 35016 | G13: 55 | H13: 3 | I13: 25 | J13: 27 | K13: 3.8 | L13: 5.7 | M13: Low | N13: 50.6
... A1001: EMP1000 | B1001: HR | C1001: HR Executive | D1001: 29 | E1001: 4 | F1001: 44606 | G1001: 50 | H1001: 5 | I1001: 8 | J1001: 13 | K1001: 2 | L1001: 7.4 | M1001: Medium | N1001: 58.73

Sheet Project Overview
A1: EMPLOYEE PERFORMANCE & PRODUCTIVITY ANALYSIS USING EXCEL
A4: Project Objective:
A5: To analyse employee performance,productivity,statisfication,salary,workload and
A6: departmental trends using excel,and provide usefull insights to help management make better HR and workforce decisions.
A8: Business Questions:
A9: 1.What is the total number of employees? (COUNT/COUNTA)
A10: 2.What is the average performance score? (AVEAGE)
A11: 3.What is the highest and lowest performance score? (MAX/MIN)
A12: 4.How many employees are working in each department? (COUNT IF)
A13: 5.What is the average performance of each department? (AVERAGE IF)
A14: 6.What is the total salary expense for each department? (SUMIF)
A15: 7.How many employees satisfy multiple conditions, such as high performance and high satisfaction? (COUNTIFS)
... A24: 16.How can we identify employees who have more than 5years of experience and work more than 40 hours per week? (ADVANCED FILTER)

Sheet Dashboard
A2: 1.Total number of employess | B2: 2.Average Performance score | C2: 3.High performance and Low perfromance score | D2: 4.Employess working in each department
A3: =COUNTA(Raw_Data!A2:A1001) -> 1000 | B3: =AVERAGE(Raw_Data!L2:L1001) -> 6.5121 | C3: =MAX(Raw_Data!L2:L1001) -> 10 | D3: Department | E3: Employee count
C4: =MIN(Raw_Data!L2:L1001) -> 3 | D4: Fianace | E4: =COUNTIF(Raw_Data!B2:B1001,"Finance") -> 210
D5: HR | E5: =COUNTIF(Raw_Data!B2:B1001,"HR") -> 186
D6: IT | E6: =COUNTIF(Raw_Data!B2:B1001,"IT") -> 195
D7: Marketing | E7: =COUNTIF(Raw_Data!B2:B1001,"Marketing") -> 204
D8: Sales | E8: =COUNTIF(Raw_Data!B2:B1001,"Sales") -> 205
A10: 5.Average Performance of each department | C10: 6.Salary Expenses for each department
A11: Department | B11: Average Performance | C11: Column1 | D11: Column2
A12: Fianace | B12: =AVERAGEIF(Raw_Data!B2:B1001,"Finance",Raw_Data!L2:L1001) -> 6.6366667 | C12: Department | D12: Salary Expenses
A13: HR | B13: =AVERAGEIF(Raw_Data!B2:B1001,"HR",Raw_Data!L2:L1001) -> 6.4327957 | C13: Fianace | D13: =SUMIF(Raw_Data!B2:B1001,"Finance",Raw_Data!F2:F1001) -> 11968625
A14: IT | B14: =AVERAGEIF(Raw_Data!B2:B1001,"IT",Raw_Data!L2:L1001) -> 6.5323077 | C14: HR | D14: =SUMIF(Raw_Data!B2:B1001,"HR",Raw_Data!F2:F1001) -> 11000409
A15: Marketing | B15: =AVERAGEIF(Raw_Data!B2:B1001,"Marketing",Raw_Data!L2:L1001) -> 6.5431373 | C15: IT | D15: =SUMIF(Raw_Data!B2:B1001,"IT",Raw_Data!F2:F1001) -> 11797449
A16: Sales | B16: =AVERAGEIF(Raw_Data!B2:B1001,"Sales",Raw_Data!L2:L1001) -> 6.4063415 | C16: Marketing | D16: =SUMIF(Raw_Data!B2:B1001,"Marketing",Raw_Data!F2:F1001) -> 11392432
A18: 7.Employees have both high Performance and high satisfication | C18: 8.Average performance for employees meeting multiple conditions | D18: 9.VLOOKUP
A19: =COUNTIFS(Raw_Data!L2:L1001,">=8",Raw_Data!K2:K1001,">=4") -> 95 | C19: =AVERAGEIFS(Raw_Data!L1:L1001,Raw_Data!L1:L1001,">=8",Raw_Data!K1:K1001,">=4") -> 9.0052632 | D19: Employee_ID | E19: Department | F19: Monthly_Salary | G19: Performance_score
D20: EMP0001 | E20: =VLOOKUP(D20,Raw_Data!A:N,2,FALSE) -> Finance | F20: =VLOOKUP(D20,Raw_Data!A:N,6,FALSE) -> 43024 | G20: =VLOOKUP(D20,Raw_Data!A:N,12,FALSE) -> 9.2
D21: EMP0101 | E21: =VLOOKUP(D21,Raw_Data!A:N,2,FALSE) -> Finance | F21: =VLOOKUP(D21,Raw_Data!A:N,6,FALSE) -> 70482 | G21: =VLOOKUP(D21,Raw_Data!A:N,12,FALSE) -> 3.4
D22: EMP0150 | E22: =VLOOKUP(D22,Raw_Data!A:N,2,FALSE) -> IT | F22: =VLOOKUP(D22,Raw_Data!A:N,6,FALSE) -> 43621 | G22: =VLOOKUP(D22,Raw_Data!A:N,12,FALSE) -> 5.3
A25: 10.HLOOKUP
A26: Finance | B26: HR | C26: IT | D26: Marketing | E26: Sales
A27: 6.63 | B27: 6.43 | C27: 6.53 | D27: 6.54 | E27: 6.4
A28: =HLOOKUP(A28,A26:E27,2,FALSE) -> 0
A29: IT | B29: =HLOOKUP(A29,A26:E27,2,FALSE) -> 6.53
A30: Sales | B30: =HLOOKUP(A30,A26:E27,2,FALSE) -> 6.4
A32: 11.Department wise Average performance | C32: 12.Department performance using pivot chart
A33: Row Labels | B33: Average of Performance_Score
A34: Finance | B34: 6.6366667
A35: HR | B35: 6.4327957
A36: IT | B36: 6.5323077
A37: Marketing | B37: 6.5431373
A38: Sales | B38: 6.4063415
A39: Grand Total | B39: 6.5121
A48: 13.Data Validation
A49: Fianance
A50: HR

Sheet Dashboard2
C1: 14.High and low perfomers using conditional formatting
A3: Employee_ID | B3: Department | C3: Job_Title | D3: Age | E3: Years_At_Company | F3: Monthly_Salary | G3: Work_Hours_Per_Week | H3: Projects_Handled | I3: Overtime_Hours | J3: Training_Hours | K3: Employee_Satisfaction | L3: Performance_Score | M3: Performance_Level | N3: Productivity_Index
A4: EMP0001 | B4: Finance | C4: Financial Analyst | D4: 23 | E4: 2 | F4: 43024 | G4: 42 | H4: 4 | I4: 4 | J4: 6 | K4: 4 | L4: 9.2 | M4: High | N4: 73.87
A5: EMP0002 | B5: Sales | C5: Account Manager | D5: 49 | E5: 1 | F5: 26952 | G5: 37 | H5: 4 | I5: 7 | J5: 32 | K5: 3.8 | L5: 6.9 | M5: Medium | N5: 59.47
A6: EMP0003 | B6: Sales | C6: Sales Analyst | D6: 48 | E6: 7 | F6: 54439 | G6: 53 | H6: 5 | I6: 25 | J6: 0 | K6: 4.3 | L6: 4.1 | M6: Low | N6: 45.83
A7: EMP0004 | B7: IT | C7: IT Executive | D7: 39 | E7: 4 | F7: 39110 | G7: 45 | H7: 2 | I7: 2 | J7: 24 | K7: 2.3 | L7: 8.9 | M7: High | N7: 63.63
A8: EMP0005 | B8: IT | C8: IT Executive | D8: 24 | E8: 3 | F8: 60142 | G8: 38 | H8: 15 | I8: 12 | J8: 5 | K8: 3.7 | L8: 8.8 | M8: High | N8: 88.9
A9: EMP0006 | B9: IT | C9: Data Analyst | D9: 34 | E9: 11 | F9: 29558 | G9: 36 | H9: 11 | I9: 7 | J9: 18 | K9: 5 | L9: 9 | M9: High | N9: 87.33
A10: EMP0007 | B10: Marketing | C10: Content Specialist | D10: 39 | E10: 14 | F10: 66660 | G10: 46 | H10: 3 | I10: 11 | J10: 22 | K10: 2.6 | L10: 4.9 | M10: Low | N10: 42.2
A11: EMP0008 | B11: Finance | C11: Finance Executive | D11: 32 | E11: 8 | F11: 72784 | G11: 42 | H11: 3 | I11: 14 | J11: 24 | K11: 2.8 | L11: 9.5 | M11: High | N11: 70.4
A12: EMP0009 | B12: Sales | C12: Account Manager | D12: 36 | E12: 10 | F12: 80237 | G12: 36 | H12: 4 | I12: 1 | J12: 20 | K12: 3.2 | L12: 3.5 | M12: Low | N12: 37.27
A13: EMP0010 | B13: IT | C13: IT Executive | D13: 35 | E13: 10 | F13: 57717 | G13: 47 | H13: 15 | I13: 20 | J13: 29 | K13: 2.4 | L13: 4 | M13: Low | N13: 56.2
A14: EMP0011 | B14: Sales | C14: Sales Analyst | D14: 38 | E14: 13 | F14: 83839 | G14: 53 | H14: 7 | I14: 11 | J14: 14 | K14: 5 | L14: 4 | M14: Low | N14: 50.67
A15: EMP0012 | B15: Finance | C15: Finance Executive | D15: 25 | E15: 0 | F15: 35016 | G15: 55 | H15: 3 | I15: 25 | J15: 27 | K15: 3.8 | L15: 5.7 | M15: Low | N15: 50.6
... A1003: EMP1000 | B1003: HR | C1003: HR Executive | D1003: 29 | E1003: 4 | F1003: 44606 | G1003: 50 | H1003: 5 | I1003: 8 | J1003: 13 | K1003: 2 | L1003: 7.4 | M1003: Medium | N1003: 58.73

Sheet Dashboard3
A1: 15.Top performing performers using filters
A4: Employee_ID | B4: Department | C4: Job_Title | D4: Age | E4: Years_At_Company | F4: Monthly_Salary | G4: Work_Hours_Per_Week | H4: Projects_Handled | I4: Overtime_Hours | J4: Training_Hours | K4: Employee_Satisfaction | L4: Performance_Score | M4: Performance_Level | N4: Productivity_Index
A5: EMP0094 | B5: Sales | C5: Account Manager | D5: 30 | E5: 1 | F5: 43104 | G5: 48 | H5: 6 | I5: 25 | J5: 32 | K5: 2.8 | L5: 3 | M5: Low | N5: 36.4
A6: EMP0165 | B6: Finance | C6: Accountant | D6: 53 | E6: 0 | F6: 66415 | G6: 51 | H6: 10 | I6: 7 | J6: 9 | K6: 2.9 | L6: 3 | M6: Low | N6: 43.37
A7: EMP0226 | B7: Sales | C7: Sales Executive | D7: 25 | E7: 4 | F7: 55302 | G7: 44 | H7: 12 | I7: 0 | J7: 25 | K7: 2.8 | L7: 3 | M7: Low | N7: 46.4
A8: EMP0298 | B8: Finance | C8: Accountant | D8: 24 | E8: 0 | F8: 66037 | G8: 49 | H8: 1 | I8: 3 | J8: 10 | K8: 3.3 | L8: 3 | M8: Low | N8: 29.57
A9: EMP0446 | B9: HR | C9: Recruiter | D9: 41 | E9: 11 | F9: 87743 | G9: 35 | H9: 9 | I9: 17 | J9: 9 | K9: 2.4 | L9: 3 | M9: Low | N9: 40.2
A10: EMP0664 | B10: Finance | C10: Financial Analyst | D10: 33 | E10: 11 | F10: 57760 | G10: 54 | H10: 2 | I10: 20 | J10: 19 | K10: 3 | L10: 3 | M10: Low | N10: 30.33
A11: EMP0861 | B11: HR | C11: HR Executive | D11: 23 | E11: 2 | F11: 69416 | G11: 52 | H11: 10 | I11: 8 | J11: 35 | K11: 4.6 | L11: 3 | M11: Low | N11: 48.47
A12: EMP0196 | B12: IT | C12: Data Analyst | D12: 25 | E12: 0 | F12: 43438 | G12: 50 | H12: 10 | I12: 20 | J12: 30 | K12: 2.9 | L12: 3.1 | M12: Low | N12: 43.97
A13: EMP0301 | B13: Finance | C13: Finance Executive | D13: 35 | E13: 7 | F13: 30107 | G13: 39 | H13: 10 | I13: 7 | J13: 33 | K13: 4 | L13: 3.1 | M13: Low | N13: 47.27
A14: EMP0498 | B14: IT | C14: Software Engineer | D14: 37 | E14: 13 | F14: 81119 | G14: 47 | H14: 4 | I14: 4 | J14: 9 | K14: 3.4 | L14: 3.1 | M14: Low | N14: 35.47
A15: EMP0513 | B15: Marketing | C15: Marketing Executive | D15: 52 | E15: 9 | F15: 25598 | G15: 48 | H15: 13 | I15: 9 | J15: 38 | K15: 2.7 | L15: 3.1 | M15: Low | N15: 48.37
A16: EMP0524 | B16: IT | C16: Data Analyst | D16: 22 | E16: 0 | F16: 77061 | G16: 43 | H16: 10 | I16: 3 | J16: 25 | K16: 4.4 | L16: 3.1 | M16: Low | N16: 48.47
... A1004: EMP0982 | B1004: IT | C1004: IT Executive | D1004: 50 | E1004: 4 | F1004: 62818 | G1004: 50 | H1004: 12 | I1004: 10 | J1004: 33 | K1004: 4.7 | L1004: 10 | M1004: High | N1004: 94.1

Sheet Dashboard4
A1: 16.we identify employees who have more than 5years of experience and work more than 40 hours per week
P2: Work_Hours_Per_Week | Q2: Years_At_Company
P3: >40 | Q3: >5
A5: Employee_ID | B5: Department | C5: Job_Title | D5: Age | E5: Years_At_Company | F5: Monthly_Salary | G5: Work_Hours_Per_Week | H5: Projects_Handled | I5: Overtime_Hours | J5: Training_Hours | K5: Employee_Satisfaction | L5: Performance_Score | M5: Performance_Level | N5: Productivity_Index
A6: EMP0001 | B6: Finance | C6: Financial Analyst | D6: 23 | E6: 2 | F6: 43024 | G6: 42 | H6: 4 | I6: 4 | J6: 6 | K6: 4 | L6: 9.2 | M6: High | N6: 73.87
A7: EMP0002 | B7: Sales | C7: Account Manager | D7: 49 | E7: 1 | F7: 26952 | G7: 37 | H7: 4 | I7: 7 | J7: 32 | K7: 3.8 | L7: 6.9 | M7: Medium | N7: 59.47
A8: EMP0003 | B8: Sales | C8: Sales Analyst | D8: 48 | E8: 7 | F8: 54439 | G8: 53 | H8: 5 | I8: 25 | J8: 0 | K8: 4.3 | L8: 4.1 | M8: Low | N8: 45.83
A9: EMP0004 | B9: IT | C9: IT Executive | D9: 39 | E9: 4 | F9: 39110 | G9: 45 | H9: 2 | I9: 2 | J9: 24 | K9: 2.3 | L9: 8.9 | M9: High | N9: 63.63
A10: EMP0005 | B10: IT | C10: IT Executive | D10: 24 | E10: 3 | F10: 60142 | G10: 38 | H10: 15 | I10: 12 | J10: 5 | K10: 3.7 | L10: 8.8 | M10: High | N10: 88.9
A11: EMP0006 | B11: IT | C11: Data Analyst | D11: 34 | E11: 11 | F11: 29558 | G11: 36 | H11: 11 | I11: 7 | J11: 18 | K11: 5 | L11: 9 | M11: High | N11: 87.33
A12: EMP0007 | B12: Marketing | C12: Content Specialist | D12: 39 | E12: 14 | F12: 66660 | G12: 46 | H12: 3 | I12: 11 | J12: 22 | K12: 2.6 | L12: 4.9 | M12: Low | N12: 42.2
A13: EMP0008 | B13: Finance | C13: Finance Executive | D13: 32 | E13: 8 | F13: 72784 | G13: 42 | H13: 3 | I13: 14 | J13: 24 | K13: 2.8 | L13: 9.5 | M13: High | N13: 70.4
A14: EMP0009 | B14: Sales | C14: Account Manager | D14: 36 | E14: 10 | F14: 80237 | G14: 36 | H14: 4 | I14: 1 | J14: 20 | K14: 3.2 | L14: 3.5 | M14: Low | N14: 37.27
A15: EMP0010 | B15: IT | C15: IT Executive | D15: 35 | E15: 10 | F15: 57717 | G15: 47 | H15: 15 | I15: 20 | J15: 29 | K15: 2.4 | L15: 4 | M15: Low | N15: 56.2
A16: EMP0011 | B16: Sales | C16: Sales Analyst | D16: 38 | E16: 13 | F16: 83839 | G16: 53 | H16: 7 | I16: 11 | J16: 14 | K16: 5 | L16: 4 | M16: Low | N16: 50.67
A17: EMP0012 | B17: Finance | C17: Finance Executive | D17: 25 | E17: 0 | F17: 35016 | G17: 55 | H17: 3 | I17: 25 | J17: 27 | K17: 3.8 | L17: 5.7 | M17: Low | N17: 50.6
... A1005: EMP1000 | B1005: HR | C1005: HR Executive | D1005: 29 | E1005: 4 | F1005: 44606 | G1005: 50 | H1005: 5 | I1005: 8 | J1005: 13 | K1005: 2 | L1005: 7.4 | M1005: Medium | N1005: 58.73
